experiment_id,parent_id,research_branch,hypothesis_family,hypothesis,change_summary,decision,net_pnl,profit_factor,win_rate,max_drawdown_pct,trade_count,payoff,expectancy,top5_trades_share,max_month_share,months_positive,gates_pass,timestamp
EXP-0000,,baseline,V0,Baseline V0,-,BASELINE,-1097.0,0.75,57.29,16.98,96,0.559,-11.43,0.176,,0/5,False,2026-09-19T01:17:25
EXP-0001,EXP-0000,V0-Filters,vol-regime,Skip low-vol days (fixed 10/6 + costs need range),V0 + stand_down em baixa vol (D7),REJECT,-296.0,0.846,58.14,8.67,43,0.609,-6.88,0.344,,1/5,False,2026-09-19T01:20:19
EXP-0002,EXP-0000,Opening-Momentum,momentum-continuation,First-bar direction continues (ORB 5min),Market entry at 2nd bar open in direction of 1st bar body; V0 exits,REFINE,-940.0,0.786,59.0,11.51,100,0.546,-9.4,0.147,,3/5,False,2026-09-19T01:20:59
EXP-0003,EXP-0002,Opening-Momentum,momentum+exit-architecture,Let winners run (payoff 2:1) for momentum,Same ORB entry; target 20 / stop 10,REJECT,-1683.0,0.775,30.3,23.99,99,1.782,-17.0,0.167,,0/5,False,2026-09-19T01:21:29
EXP-0004,EXP-0000,V0-Filters,trend-alignment,Fades only with D1 trend,V0 + descarte de ordens contra a tendência D1,REJECT,-911.0,0.706,57.35,14.74,68,0.525,-13.4,0.178,,1/5,False,2026-09-19T01:22:15
EXP-0005,EXP-0000,V0-Filters,signal-family-ablation,Channel (P3) entries suffer adverse selection,V0 sem Padrão 3 (stand_down),REFINE,-182.0,0.937,61.97,10.97,71,0.575,-2.56,0.214,,2/5,False,2026-09-19T01:23:01
EXP-0006,EXP-0005,V0-Filters,composition(no-channel+vol),Two independent structural restrictions combined,EXP-0005 + EXP-0001,REJECT,-80.0,0.947,60.0,7.06,35,0.631,-2.29,0.395,,2/5,False,2026-09-19T01:23:49
EXP-0007,EXP-0000,Range-Exhaustion,overnight-exhaustion-fade,"P4 edge comes from exhaustion beyond prior-day range, not RSI","Market fade at open outside PDH/PDL, no RSI",REJECT,-224.0,0.738,52.94,4.84,17,0.656,-13.18,0.665,,2/5,False,2026-09-19T01:24:47
EXP-0008,EXP-0000,Intraday-Momentum-LateDay,intraday-momentum,First half-hour return predicts last half-hour,Entry 17:30 in direction of r1; V0 exits (no time exit available),REJECT(invalid-design),-2338.0,0.651,55.56,26.95,99,0.521,-23.62,0.355,,1/5,False,2026-09-19T01:26:23
