trade_id,side,entry_datetime,entry_price,entry_reason,exit_datetime,exit_price,quantity,stop_price_inicial,target_price_inicial,exit_reason,gross_pnl,costs,net_pnl,duration,equity_after_trade,MAE,MFE
1,SHORT,2026-02-02 09:45:00-03:00,5537.0,OR30_BREAK,2026-02-02 11:10:00-03:00,5568.0,1.0,5567.5,,STOP_LOSS,-310.0,2.0,-312.0,0 days 01:25:00,9688.0,324.04999999999745,0.0
2,SHORT,2026-02-03 09:50:00-03:00,5526.5,OR30_BREAK,2026-02-03 16:50:00-03:00,5547.5,1.0,5547.0,,STOP_LOSS,-210.0,2.0,-212.0,0 days 07:00:00,9476.0,358.95000000000437,226.04999999999563
3,SHORT,2026-02-04 09:45:00-03:00,5519.5,OR30_BREAK,2026-02-04 11:40:00-03:00,5538.5,1.0,5538.0,,STOP_LOSS,-190.0,2.0,-192.0,0 days 01:55:00,9284.0,221.40000000000327,93.59999999999673
4,LONG,2026-02-05 09:35:00-03:00,5560.0,OR30_BREAK,2026-02-05 11:20:00-03:00,5534.5,1.0,5535.0,,STOP_LOSS,-255.0,2.0,-257.0,0 days 01:45:00,9027.0,264.7699999999986,90.23000000000138
5,LONG,2026-02-06 10:00:00-03:00,5540.5,OR30_BREAK,2026-02-06 11:00:00-03:00,5515.5,1.0,5516.0,,STOP_LOSS,-250.0,2.0,-252.0,0 days 01:00:00,8775.0,267.1600000000035,0.0
6,SHORT,2026-02-09 10:10:00-03:00,5479.5,OR30_BREAK,2026-02-09 17:55:00-03:00,5478.5,1.0,5500.0,,TIME_EXIT,10.0,2.0,8.0,0 days 07:45:00,8783.0,195.24999999999636,179.75000000000364
7,LONG,2026-02-10 09:45:00-03:00,5490.0,OR30_BREAK,2026-02-10 11:10:00-03:00,5473.5,1.0,5474.0,,STOP_LOSS,-165.0,2.0,-167.0,0 days 01:25:00,8616.0,164.34000000000196,45.659999999998035
8,LONG,2026-02-11 09:35:00-03:00,5471.5,OR30_BREAK,2026-02-11 11:05:00-03:00,5455.0,1.0,5455.5,,STOP_LOSS,-165.0,2.0,-167.0,0 days 01:30:00,8449.0,208.00000000000182,146.99999999999818
9,LONG,2026-02-12 09:40:00-03:00,5466.0,OR30_BREAK,2026-02-12 10:35:00-03:00,5449.5,1.0,5450.0,,STOP_LOSS,-165.0,2.0,-167.0,0 days 00:55:00,8282.0,177.86000000000058,0.0
10,SHORT,2026-02-19 09:35:00-03:00,5508.5,OR30_BREAK,2026-02-19 17:55:00-03:00,5495.5,1.0,5534.5,,TIME_EXIT,130.0,2.0,128.0,0 days 08:20:00,8410.0,130.02999999999702,154.97000000000298
11,LONG,2026-02-20 09:35:00-03:00,5495.0,OR30_BREAK,2026-02-20 10:50:00-03:00,5480.5,1.0,5481.0,,STOP_LOSS,-145.0,2.0,-147.0,0 days 01:15:00,8263.0,148.58000000000175,46.419999999998254
12,SHORT,2026-02-23 09:35:00-03:00,5450.5,OR30_BREAK,2026-02-23 17:55:00-03:00,5439.0,1.0,5462.5,,TIME_EXIT,115.0,2.0,113.0,0 days 08:20:00,8376.0,111.13000000000284,403.86999999999716
13,LONG,2026-02-26 09:35:00-03:00,5399.5,OR30_BREAK,2026-02-26 10:00:00-03:00,5390.0,1.0,5390.5,,STOP_LOSS,-95.0,2.0,-97.0,0 days 00:25:00,8279.0,148.1800000000021,66.81999999999789
14,LONG,2026-02-27 09:45:00-03:00,5418.0,OR30_BREAK,2026-02-27 12:40:00-03:00,5395.5,1.0,5396.0,,STOP_LOSS,-225.0,2.0,-227.0,0 days 02:55:00,8052.0,221.18999999999687,138.81000000000313
15,LONG,2026-03-02 09:50:00-03:00,5452.0,OR30_BREAK,2026-03-02 17:55:00-03:00,5434.5,1.0,5398.0,,TIME_EXIT,-175.0,2.0,-177.0,0 days 08:05:00,7875.0,273.2099999999991,241.79000000000087
16,SHORT,2026-03-04 10:00:00-03:00,5485.5,OR30_BREAK,2026-03-04 17:55:00-03:00,5490.0,1.0,5519.5,,TIME_EXIT,-45.0,2.0,-47.0,0 days 07:55:00,7828.0,75.7300000000032,309.2699999999968
17,SHORT,2026-03-06 09:45:00-03:00,5546.0,OR30_BREAK,2026-03-06 11:10:00-03:00,5580.0,1.0,5579.5,,STOP_LOSS,-340.0,2.0,-342.0,0 days 01:25:00,7486.0,355.5699999999979,194.4300000000021
18,SHORT,2026-03-09 10:00:00-03:00,5494.0,OR30_BREAK,2026-03-09 17:55:00-03:00,5415.0,1.0,5543.0,,TIME_EXIT,790.0,2.0,788.0,0 days 07:55:00,8274.0,17.200000000002547,922.7999999999975
19,LONG,2026-03-11 09:35:00-03:00,5419.5,OR30_BREAK,2026-03-11 11:00:00-03:00,5398.0,1.0,5398.5,,STOP_LOSS,-215.0,2.0,-217.0,0 days 01:25:00,8057.0,274.8199999999997,90.18000000000029
20,SHORT,2026-03-12 10:05:00-03:00,5404.0,OR30_BREAK,2026-03-12 10:20:00-03:00,5427.5,1.0,5427.0,,STOP_LOSS,-235.0,2.0,-237.0,0 days 00:15:00,7820.0,315.39999999999964,0.0
21,LONG,2026-03-13 10:20:00-03:00,5491.0,OR30_BREAK,2026-03-13 10:30:00-03:00,5471.0,1.0,5471.5,,STOP_LOSS,-200.0,2.0,-202.0,0 days 00:10:00,7618.0,222.21999999999753,0.0
22,SHORT,2026-03-17 09:35:00-03:00,5441.5,OR30_BREAK,2026-03-17 17:55:00-03:00,5434.0,1.0,5484.0,,TIME_EXIT,75.0,2.0,73.0,0 days 08:20:00,7691.0,191.09000000000378,228.90999999999622
23,LONG,2026-03-18 09:45:00-03:00,5459.0,OR30_BREAK,2026-03-18 17:55:00-03:00,5503.5,1.0,5420.5,,TIME_EXIT,445.0,2.0,443.0,0 days 08:10:00,8134.0,308.86999999999716,476.13000000000284
24,LONG,2026-03-20 09:45:00-03:00,5486.5,OR30_BREAK,2026-03-20 17:55:00-03:00,5550.5,1.0,5469.0,,TIME_EXIT,640.0,2.0,638.0,0 days 08:10:00,8772.0,74.12999999999556,750.8700000000044
25,SHORT,2026-03-23 09:45:00-03:00,5498.0,OR30_BREAK,2026-03-23 17:55:00-03:00,5469.5,1.0,5550.5,,TIME_EXIT,285.0,2.0,283.0,0 days 08:10:00,9055.0,159.34000000000196,490.65999999999804
26,LONG,2026-03-24 09:40:00-03:00,5509.0,OR30_BREAK,2026-03-24 12:25:00-03:00,5476.5,1.0,5477.0,,STOP_LOSS,-325.0,2.0,-327.0,0 days 02:45:00,8728.0,352.2199999999975,12.780000000002474
27,LONG,2026-03-25 09:50:00-03:00,5471.0,OR30_BREAK,2026-03-25 11:45:00-03:00,5440.0,1.0,5440.5,,STOP_LOSS,-310.0,2.0,-312.0,0 days 01:55:00,8416.0,308.9900000000034,51.00999999999658
28,SHORT,2026-03-26 10:00:00-03:00,5466.5,OR30_BREAK,2026-03-26 17:55:00-03:00,5470.5,1.0,5492.5,,TIME_EXIT,-40.0,2.0,-42.0,0 days 07:55:00,8374.0,225.33000000000357,194.66999999999643
29,SHORT,2026-03-27 09:50:00-03:00,5482.5,OR30_BREAK,2026-03-27 17:55:00-03:00,5467.0,1.0,5506.5,,TIME_EXIT,155.0,2.0,153.0,0 days 08:05:00,8527.0,55.969999999997526,389.0300000000025
30,SHORT,2026-03-30 09:40:00-03:00,5454.0,OR30_BREAK,2026-03-30 11:25:00-03:00,5475.5,1.0,5475.0,,STOP_LOSS,-215.0,2.0,-217.0,0 days 01:45:00,8310.0,213.22000000000116,71.77999999999884
31,LONG,2026-04-01 09:50:00-03:00,5393.5,OR30_BREAK,2026-04-01 12:00:00-03:00,5372.0,1.0,5372.5,,STOP_LOSS,-215.0,2.0,-217.0,0 days 02:10:00,8093.0,224.66999999999643,55.330000000003565
32,SHORT,2026-04-02 09:35:00-03:00,5398.5,OR30_BREAK,2026-04-02 17:55:00-03:00,5378.5,1.0,5416.5,,TIME_EXIT,200.0,2.0,198.0,0 days 08:20:00,8291.0,79.03000000000247,385.9699999999975
33,LONG,2026-04-07 09:50:00-03:00,5375.5,OR30_BREAK,2026-04-07 17:55:00-03:00,5369.0,1.0,5351.0,,TIME_EXIT,-65.0,2.0,-67.0,0 days 08:05:00,8224.0,130.33000000000357,129.66999999999643
34,SHORT,2026-04-08 10:25:00-03:00,5276.5,OR30_BREAK,2026-04-08 11:30:00-03:00,5313.0,1.0,5312.5,,STOP_LOSS,-365.0,2.0,-367.0,0 days 01:05:00,7857.0,377.92999999999665,0.0
35,SHORT,2026-04-09 10:15:00-03:00,5301.0,OR30_BREAK,2026-04-09 17:55:00-03:00,5269.0,1.0,5316.5,,TIME_EXIT,320.0,2.0,318.0,0 days 07:40:00,8175.0,36.94999999999709,338.0500000000029
36,SHORT,2026-04-10 09:35:00-03:00,5246.0,OR30_BREAK,2026-04-10 17:55:00-03:00,5212.5,1.0,5275.5,,TIME_EXIT,335.0,2.0,333.0,0 days 08:20:00,8508.0,23.05000000000291,361.9499999999971
37,SHORT,2026-04-15 10:10:00-03:00,5185.5,OR30_BREAK,2026-04-15 17:55:00-03:00,5190.5,1.0,5200.0,,TIME_EXIT,-50.0,2.0,-52.0,0 days 07:45:00,8456.0,121.00999999999658,33.99000000000342
38,SHORT,2026-04-17 09:50:00-03:00,5155.0,OR30_BREAK,2026-04-17 12:05:00-03:00,5182.5,1.0,5182.0,,STOP_LOSS,-275.0,2.0,-277.0,0 days 02:15:00,8179.0,275.8899999999994,99.11000000000058
39,SHORT,2026-04-22 10:20:00-03:00,5152.5,OR30_BREAK,2026-04-22 17:55:00-03:00,5154.0,1.0,5180.5,,TIME_EXIT,-15.0,2.0,-17.0,0 days 07:35:00,8162.0,152.86000000000058,77.13999999999942
40,SHORT,2026-04-23 09:35:00-03:00,5143.0,OR30_BREAK,2026-04-23 14:05:00-03:00,5161.0,1.0,5160.5,,STOP_LOSS,-180.0,2.0,-182.0,0 days 04:30:00,7980.0,200.83999999999833,139.16000000000167
41,LONG,2026-04-24 09:40:00-03:00,5203.0,OR30_BREAK,2026-04-24 17:05:00-03:00,5183.5,1.0,5184.0,,STOP_LOSS,-195.0,2.0,-197.0,0 days 07:25:00,7783.0,198.07999999999993,126.92000000000007
42,SHORT,2026-04-28 09:45:00-03:00,5176.0,OR30_BREAK,2026-04-28 11:50:00-03:00,5195.5,1.0,5195.0,,STOP_LOSS,-195.0,2.0,-197.0,0 days 02:05:00,7586.0,219.54999999999927,100.45000000000073
43,LONG,2026-04-29 09:35:00-03:00,5178.0,OR30_BREAK,2026-04-29 17:55:00-03:00,5181.5,1.0,5162.5,,TIME_EXIT,35.0,2.0,33.0,0 days 08:20:00,7619.0,34.399999999996,205.600000000004
44,SHORT,2026-05-05 10:10:00-03:00,5109.5,OR30_BREAK,2026-05-05 17:55:00-03:00,5087.0,1.0,5129.5,,TIME_EXIT,225.0,2.0,223.0,0 days 07:45:00,7842.0,25.87999999999738,274.1200000000026
45,LONG,2026-05-06 10:00:00-03:00,5100.0,OR30_BREAK,2026-05-06 17:55:00-03:00,5095.0,1.0,5056.5,,TIME_EXIT,-50.0,2.0,-52.0,0 days 07:55:00,7790.0,122.39999999999782,72.60000000000218
46,SHORT,2026-05-07 09:55:00-03:00,5070.0,OR30_BREAK,2026-05-07 11:00:00-03:00,5092.0,1.0,5091.5,,STOP_LOSS,-220.0,2.0,-222.0,0 days 01:05:00,7568.0,241.5099999999984,0.0
47,SHORT,2026-05-08 09:35:00-03:00,5068.5,OR30_BREAK,2026-05-08 17:55:00-03:00,5059.5,1.0,5085.5,,TIME_EXIT,90.0,2.0,88.0,0 days 08:20:00,7656.0,99.2699999999968,110.7300000000032
48,SHORT,2026-05-12 09:35:00-03:00,5062.5,OR30_BREAK,2026-05-12 12:15:00-03:00,5075.5,1.0,5075.0,,STOP_LOSS,-130.0,2.0,-132.0,0 days 02:40:00,7524.0,181.36000000000422,73.63999999999578
49,LONG,2026-05-13 09:40:00-03:00,5079.0,OR30_BREAK,2026-05-13 17:55:00-03:00,5175.0,1.0,5055.5,,TIME_EXIT,960.0,2.0,958.0,0 days 08:15:00,8482.0,133.13000000000102,1011.869999999999
50,LONG,2026-05-15 09:40:00-03:00,5220.5,OR30_BREAK,2026-05-15 17:55:00-03:00,5220.5,1.0,5183.0,,TIME_EXIT,0.0,2.0,-2.0,0 days 08:15:00,8480.0,111.70000000000073,273.2999999999993
51,SHORT,2026-05-18 09:35:00-03:00,5191.0,OR30_BREAK,2026-05-18 17:55:00-03:00,5159.5,1.0,5220.0,,TIME_EXIT,315.0,2.0,313.0,0 days 08:20:00,8793.0,25.410000000001673,324.5899999999983
52,LONG,2026-05-19 09:55:00-03:00,5190.0,OR30_BREAK,2026-05-19 17:55:00-03:00,5209.0,1.0,5171.0,,TIME_EXIT,190.0,2.0,188.0,0 days 08:00:00,8981.0,62.87000000000262,292.1299999999974
53,LONG,2026-05-20 09:55:00-03:00,5203.5,OR30_BREAK,2026-05-20 11:15:00-03:00,5183.5,1.0,5184.0,,STOP_LOSS,-200.0,2.0,-202.0,0 days 01:20:00,8779.0,296.54999999999745,128.45000000000255
54,SHORT,2026-05-22 10:00:00-03:00,5150.5,OR30_BREAK,2026-05-22 11:10:00-03:00,5173.5,1.0,5173.0,,STOP_LOSS,-230.0,2.0,-232.0,0 days 01:10:00,8547.0,248.22000000000116,0.0
55,SHORT,2026-05-26 09:45:00-03:00,5163.0,OR30_BREAK,2026-05-26 10:50:00-03:00,5178.5,1.0,5178.0,,STOP_LOSS,-155.0,2.0,-157.0,0 days 01:05:00,8390.0,259.5300000000043,90.46999999999571
56,LONG,2026-05-27 10:10:00-03:00,5204.0,OR30_BREAK,2026-05-27 17:55:00-03:00,5209.0,1.0,5180.0,,TIME_EXIT,50.0,2.0,48.0,0 days 07:45:00,8438.0,87.13999999999942,162.86000000000058
57,SHORT,2026-05-28 09:40:00-03:00,5211.5,OR30_BREAK,2026-05-28 17:55:00-03:00,5189.0,1.0,5224.5,,TIME_EXIT,225.0,2.0,223.0,0 days 08:15:00,8661.0,26.570000000001528,393.4299999999985
58,LONG,2026-05-29 10:00:00-03:00,5201.0,OR30_BREAK,2026-05-29 14:15:00-03:00,5179.5,1.0,5180.0,,STOP_LOSS,-215.0,2.0,-217.0,0 days 04:15:00,8444.0,217.61000000000422,152.38999999999578
59,SHORT,2026-06-01 09:50:00-03:00,5162.5,OR30_BREAK,2026-06-01 10:10:00-03:00,5185.0,1.0,5184.5,,STOP_LOSS,-225.0,2.0,-227.0,0 days 00:20:00,8217.0,246.6399999999976,0.0
60,SHORT,2026-06-02 09:35:00-03:00,5143.5,OR30_BREAK,2026-06-02 10:30:00-03:00,5165.0,1.0,5164.5,,STOP_LOSS,-215.0,2.0,-217.0,0 days 00:55:00,8000.0,213.85000000000218,0.0
61,LONG,2026-06-03 09:35:00-03:00,5173.5,OR30_BREAK,2026-06-03 17:55:00-03:00,5203.0,1.0,5153.0,,TIME_EXIT,295.0,2.0,293.0,0 days 08:20:00,8293.0,22.01000000000022,587.9899999999998
62,LONG,2026-06-05 09:35:00-03:00,5219.0,OR30_BREAK,2026-06-05 17:55:00-03:00,5309.0,1.0,5194.0,,TIME_EXIT,900.0,2.0,898.0,0 days 08:20:00,9191.0,99.18999999999869,980.8100000000013
63,LONG,2026-06-08 09:55:00-03:00,5300.5,OR30_BREAK,2026-06-08 17:55:00-03:00,5334.0,1.0,5273.0,,TIME_EXIT,335.0,2.0,333.0,0 days 08:00:00,9524.0,139.25000000000182,385.7499999999982
64,SHORT,2026-06-09 09:40:00-03:00,5289.5,OR30_BREAK,2026-06-09 10:35:00-03:00,5311.0,1.0,5310.5,,STOP_LOSS,-215.0,2.0,-217.0,0 days 00:55:00,9307.0,233.22000000000116,0.0
65,SHORT,2026-06-10 09:35:00-03:00,5304.0,OR30_BREAK,2026-06-10 17:55:00-03:00,5322.0,1.0,5335.0,,TIME_EXIT,-180.0,2.0,-182.0,0 days 08:20:00,9125.0,273.3600000000024,81.6399999999976
66,SHORT,2026-06-12 10:20:00-03:00,5224.5,OR30_BREAK,2026-06-12 17:55:00-03:00,5191.5,1.0,5251.0,,TIME_EXIT,330.0,2.0,328.0,0 days 07:35:00,9453.0,8.209999999999127,356.7900000000009
67,LONG,2026-06-16 10:00:00-03:00,5191.0,OR30_BREAK,2026-06-16 17:55:00-03:00,5214.5,1.0,5172.5,,TIME_EXIT,235.0,2.0,233.0,0 days 07:55:00,9686.0,13.360000000002401,386.6399999999976
68,SHORT,2026-06-17 09:50:00-03:00,5205.0,OR30_BREAK,2026-06-17 16:10:00-03:00,5223.0,1.0,5222.5,,STOP_LOSS,-180.0,2.0,-182.0,0 days 06:20:00,9504.0,200.42999999999665,294.57000000000335
69,SHORT,2026-06-18 09:50:00-03:00,5252.5,OR30_BREAK,2026-06-18 10:25:00-03:00,5277.5,1.0,5277.0,,STOP_LOSS,-250.0,2.0,-252.0,0 days 00:35:00,9252.0,264.970000000003,0.0
70,SHORT,2026-06-19 09:55:00-03:00,5272.0,OR30_BREAK,2026-06-19 16:55:00-03:00,5290.5,1.0,5290.0,,STOP_LOSS,-185.0,2.0,-187.0,0 days 07:00:00,9065.0,209.0400000000045,160.9599999999955
71,SHORT,2026-06-22 10:25:00-03:00,5262.0,OR30_BREAK,2026-06-22 17:55:00-03:00,5264.5,1.0,5282.0,,TIME_EXIT,-25.0,2.0,-27.0,0 days 07:30:00,9038.0,122.21999999999753,167.78000000000247
72,SHORT,2026-06-23 09:45:00-03:00,5283.0,OR30_BREAK,2026-06-23 10:15:00-03:00,5301.0,1.0,5300.5,,STOP_LOSS,-180.0,2.0,-182.0,0 days 00:30:00,8856.0,187.13999999999942,0.0
73,LONG,2026-06-24 09:45:00-03:00,5334.5,OR30_BREAK,2026-06-24 13:35:00-03:00,5309.0,1.0,5309.5,,STOP_LOSS,-255.0,2.0,-257.0,0 days 03:50:00,8599.0,288.45000000000255,36.54999999999745
74,SHORT,2026-06-25 10:15:00-03:00,5312.0,OR30_BREAK,2026-06-25 17:55:00-03:00,5295.0,1.0,5334.5,,TIME_EXIT,170.0,2.0,168.0,0 days 07:40:00,8767.0,102.29000000000269,277.7099999999973
75,LONG,2026-06-29 09:40:00-03:00,5289.5,OR30_BREAK,2026-06-29 17:55:00-03:00,5286.0,1.0,5265.5,,TIME_EXIT,-35.0,2.0,-37.0,0 days 08:15:00,8730.0,162.78000000000247,92.21999999999753
