experiment_id,parent_id,research_branch,hypothesis_family,hypothesis,change_summary,decision,net_pnl,profit_factor,win_rate,max_drawdown_pct,trade_count,payoff,expectancy,top5_trades_share,max_month_share,months_positive,gates_pass,timestamp,hypothesis_source,assumptions_challenged,reopening_reason,degrees_of_freedom,placebo_mean_expectancy,placebo_p95_expectancy,placebo_excess,placebo_draws,cumulative_trials
EXP-0000,,baseline,V0,Baseline V0,-,BASELINE,-1097.0,0.75,57.29,16.98,96,0.559,-11.43,0.176,,0/5,False,2026-09-19T02:20:01,-,-,-,-,,,,,8
EXP-0009,RUN-0001/EXP-0002,Opening-Momentum,momentum+exit-architecture,"ORB with range-scaled stop, trailing, no target, EOD exit","ExitSpec adaptive (K=0.25*range), exit 17:55",REJECT,-990.0,0.84,30.0,18.02,100,1.961,-9.9,0.447,,3/5,False,2026-09-19T02:21:55,literatura+mecanismo,payoff 0.6 fixed TP/SL,(i) new mechanism,1,-14.54,-4.25,4.64,10,9
EXP-0010,EXP-0009,Opening-Momentum,momentum+exit-architecture,Fixed counterpart: does range-scaling earn its place?,"Same architecture, stop=trail=10 fixed",REFINE,-995.0,0.778,40.0,13.55,100,1.168,-9.95,0.349,,2/5,False,2026-09-19T02:22:56,mecanismo (ablação),distance must scale with volatility,(i) new mechanism,0,-19.87,-13.4,9.92,10,10
EXP-0011,EXP-0010,Opening-Momentum,momentum+exit-architecture,"ORB with literature exit: structural stop, no trailing, EOD exit","ExitSpec stop_price=1st bar extreme, exit 17:55",REFINE,40.0,1.005,19.0,24.63,100,4.285,0.4,0.557,30.15,3/5,False,2026-09-19T02:24:08,literatura,trailing/stop derived from V0,(i) new mechanism,0,-25.98,-9.1,26.38,10,11
EXP-0012,EXP-0011,Opening-Momentum,momentum+regime,ORB structural only in high-vol regime (D7),EXP-0011 + stand_down in low-vol,INCONCLUSIVE,1530.0,1.414,28.89,14.26,45,3.48,34.0,0.72,1.169,3/5,False,2026-09-19T02:24:51,decomposição (data-informed)+mecanismo,trade every day,(i) new mechanism (gate with adaptive exit),0,-41.71,-25.22,75.71,10,12
EXP-0013,EXP-0000,OR30-Breakout,range-breakout,"30-min opening range breakout, structural stop, EOD exit",OpeningRange30Breakout,REJECT,-1270.0,0.86,34.67,25.98,75,1.621,-16.93,0.477,,3/5,False,2026-09-19T02:25:27,literatura+mecanismo,fade entries and fixed 10/6 exits,new family,0,-8.97,18.87,-7.96,10,13
EXP-0014,RUN-0001/EXP-0008,Intraday-Momentum-LateDay,intraday-momentum,"First-half-hour return predicts last half-hour; entry 17:30, exit 17:55","ExitSpec stop=0.25*range, exit_time 17:55; session 09:00-18:00",REJECT,-1268.0,0.492,40.4,14.34,99,0.726,-12.81,0.362,,1/5,False,2026-09-19T02:26:30,literatura,opening-only window; fixed exits,(i) new mechanism (exit_time),1,-13.49,-4.27,0.68,10,14
EXP-0015,RUN-0001/EXP-0005,V0-Filters,payoff-structure,V0 fades (no channel) with symmetric 1:1 exit (10/10),ExitSpec stop=target=10,REJECT,-472.0,0.877,49.3,12.86,71,0.903,-6.65,0.175,,3/5,False,2026-09-19T02:27:22,mecanismo,TP 6 / SL 10 payoff 0.6,(i) new mechanism (payoff structure),0,-14.62,-8.83,7.97,10,15
EXP-0016,EXP-0000,Gap-and-Go,gap-continuation,Continue the opening gap; stop at gap fill; EOD exit,GapAndGoFillStop,REJECT,-2451.0,0.722,26.14,30.7,88,2.039,-27.85,0.449,,1/5,False,2026-09-19T02:28:16,literatura+mecanismo,fade entries; opening-only window,new family,0,-0.17,23.91,-27.68,10,16
